INTHEBOX_Flip_Z_90x200                                       ; 799000
INTHEBOX_Flip_Z_100x200                                      ; 899000
INTHEBOX_Flip_Z_120x200                                      ; 999000
INTHEBOX_Flip_Z_140x200                                      ; 1299000
INTHEBOX_Flip_Z_160x200                                      ; 1299000
INTHEBOX_Flip_Z_180x200                                      ; 1499000
INTHEBOX_Flip_Z_200x200                                      ; 1699000
INTHEBOX_X_90x200                                            ; 1899000
INTHEBOX_X_100x200                                           ; 1899000
INTHEBOX_X_120x200                                           ; 1899000
INTHEBOX_X_140x200                                           ; 2399000
INTHEBOX_X_160x200                                           ; 2399000
INTHEBOX_X_180x200                                           ; 2599000
INTHEBOX_X_200x200                                           ; 2799000
INTHEBOX_Alpha_90x200                                        ; 999000
INTHEBOX_Alpha_100x200                                       ; 999000
INTHEBOX_Alpha_120x200                                       ; 1199000
INTHEBOX_Alpha_140x200                                       ; 1599000
INTHEBOX_Alpha_160x200                                       ; 1599000
INTHEBOX_Alpha_180x200                                       ; 1799000
INTHEBOX_Alpha_200x200                                       ; 1999000
INTHEBOX_Pro_90x200                                          ; 1399000
INTHEBOX_Pro_100x200                                         ; 1399000
INTHEBOX_Pro_120x200                                         ; 1599000
INTHEBOX_Pro_140x200                                         ; 1999000
INTHEBOX_Pro_160x200                                         ; 1999000
INTHEBOX_Pro_180x200                                         ; 2299000
INTHEBOX_Pro_200x200                                         ; 2499000
INTHEBOX_Space_Jam_A_New_Legancy_Collection_90x200           ; 1599000
INTHEBOX_Space_Jam_A_New_Legancy_Collection_100x200          ; 1599000
INTHEBOX_Space_Jam_A_New_Legancy_Collection_120x200          ; 1599000
INTHEBOX_Space_Jam_A_New_Legancy_Collection_140x200          ; 2099000
INTHEBOX_Space_Jam_A_New_Legancy_Collection_160x200          ; 2099000
INTHEBOX_Space_Jam_A_New_Legancy_Collection_180x200          ; 2299000
INTHEBOX_Space_Jam_A_New_Legancy_Collection_200x200          ; 2499000
INTHEBOX_Space_Jam_A_New_Legancy_Collection_Plush_Top_90x200 ; 1899000
INTHEBOX_Space_Jam_A_New_Legancy_Collection_Plush_Top_100x200; 1899000
INTHEBOX_Space_Jam_A_New_Legancy_Collection_Plush_Top_120x200; 1899000
INTHEBOX_Space_Jam_A_New_Legancy_Collection_Plush_Top_140x200; 2399000
INTHEBOX_Space_Jam_A_New_Legancy_Collection_Plush_Top_160x200; 2399000
INTHEBOX_Space_Jam_A_New_Legancy_Collection_Plush_Top_180x200; 2599000
INTHEBOX_Space_Jam_A_New_Legancy_Collection_Plush_Top_200x200; 2799000
INTHEBOX_Dash_90x200                                         ; 3499000
INTHEBOX_Dash_100x200                                        ; 3499000
INTHEBOX_Dash_120x200                                        ; 3499000
INTHEBOX_Dash_140x200                                        ; 3999000
INTHEBOX_Dash_160x200                                        ; 3999000
INTHEBOX_Dash_180x200                                        ; 4399000
INTHEBOX_Dash_200x200                                        ; 4899000
INTHEBOX_101_90x200                                          ; 1799000
INTHEBOX_101_100x200                                         ; 1799000
INTHEBOX_101_120x200                                         ; 1799000
INTHEBOX_101_140x200                                         ; 2299000
INTHEBOX_101_160x200                                         ; 2299000
INTHEBOX_101_180x200                                         ; 2399000
INTHEBOX_101_200x200                                         ; 2699000
INTHEBOX_Hybrid_90x200                                       ; 1399000
INTHEBOX_Hybrid_100x200                                      ; 1399000
INTHEBOX_Hybrid_120x200                                      ; 1499000
INTHEBOX_Hybrid_140x200                                      ; 1899000
INTHEBOX_Hybrid_160x200                                      ; 1899000
INTHEBOX_Hybrid_180x200                                      ; 2099000
INTHEBOX_Hybrid_200x200                                      ; 2299000
INTHEBOX_Hybrid_15_90x200                                    ; 999000
INTHEBOX_Hybrid_15_100x200                                   ; 1099000
INTHEBOX_Hybrid_15_120x200                                   ; 1299000
INTHEBOX_Hybrid_15_140x200                                   ; 1599000
INTHEBOX_Hybrid_15_160x200                                   ; 1599000
INTHEBOX_Hybrid_15_180x200                                   ; 1899000
INTHEBOX_Hybrid_15_200x200                                   ; 2199000
Kasur_INTHEBOX_90x200                                        ; 1599000
Kasur_INTHEBOX_100x200                                       ; 1599000
Kasur_INTHEBOX_120x200                                       ; 1599000
Kasur_INTHEBOX_140x200                                       ; 2099000
Kasur_INTHEBOX_160x200                                       ; 2099000
Kasur_INTHEBOX_180x200                                       ; 2299000
Kasur_INTHEBOX_200x200                                       ; 2499000
INTHEBOX_Plus_90x200                                         ; 3199000
INTHEBOX_Plus_100x200                                        ; 3199000
INTHEBOX_Plus_120x200                                        ; 3199000
INTHEBOX_Plus_140x200                                        ; 3599000
INTHEBOX_Plus_160x200                                        ; 3599000
INTHEBOX_Plus_180x200                                        ; 3899000
INTHEBOX_Plus_200x200                                        ; 4199000
INTHEBOX_Organix_Hybrid_90x200                               ; 4139000
INTHEBOX_Organix_Hybrid_100x200                              ; 4139000
INTHEBOX_Organix_Hybrid_120x200                              ; 4139000
INTHEBOX_Organix_Hybrid_140x200                              ; 4899000
INTHEBOX_Organix_Hybrid_160x200                              ; 4899000
INTHEBOX_Organix_Hybrid_180x200                              ; 5399000
INTHEBOX_Organix_Hybrid_200x200                              ; 6639000
INTHEBOX_Organix_Lite_90x200                                 ; 5059000
INTHEBOX_Organix_Lite_100x200                                ; 5059000
INTHEBOX_Organix_Lite_120x200                                ; 5059000
INTHEBOX_Organix_Lite_140x200                                ; 5899000
INTHEBOX_Organix_Lite_160x200                                ; 5899000
INTHEBOX_Organix_Lite_180x200                                ; 6509000
INTHEBOX_Organix_Lite_200x200                                ; 7269000
INTHEBOX_Organix_Plush_90x200                                ; 6699000
INTHEBOX_Organix_Plush_100x200                               ; 6699000
INTHEBOX_Organix_Plush_120x200                               ; 6699000
INTHEBOX_Organix_Plush_140x200                               ; 7999000
INTHEBOX_Organix_Plush_160x200                               ; 7999000
INTHEBOX_Organix_Plush_180x200                               ; 8799000
INTHEBOX_Organix_Plush_200x200                               ; 9799000
Sheate3White                                                 ; 3299000
Sheate3Black                                                 ; 3299000
Lipat_Travel_Mattress                                        ; 999000