Sheate3Black                                                 ; media-shofaBlack-picture              ; media-shofaBlack-thumbnail              ; media-shofaBlack-detail              ; media-shofaBlack-other              ; media-shofaBlack-normal              ; media-shofaBlack-thumbnails              ; shofaBlack-medias
Sheate3White                                                 ; media-shofa-picture                   ; media-shofaWhite-thumbnail              ; media-shofaWhite-detail              ; media-shofaWhite-other              ; media-shofaWhite-normal              ; media-shofaWhite-thumbnails              ; shofaWhite-medias
Lipat_Travel_Mattress                                        ; media-kasur_lipat-picture             ; media-kasur_lipat-thumbnail             ; media-kasur_lipat-detail             ; media-kasur_lipat-other             ; media-kasur_lipat-normal             ; media-kasur_lipat-thumbnails             ; kasur_lipat-medias
INTHEBOX_Flip_Z_90x200                                       ; media-flipz90-picture                 ; media-flipz90-thumbnail                 ; media-flipz90-detail                 ; media-flipz90-other                 ; media-flipz90-normal                 ; media-flipz90-thumbnails                 ; flipz90-medias
INTHEBOX_Flip_Z_100x200                                      ; media-flipz100-picture                ; media-flipz100-thumbnail                ; media-flipz100-detail                ; media-flipz100-other                ; media-flipz100-normal                ; media-flipz100-thumbnails                ; flipz100-medias
INTHEBOX_Flip_Z_120x200                                      ; media-flipz120-picture                ; media-flipz120-thumbnail                ; media-flipz120-detail                ; media-flipz120-other                ; media-flipz120-normal                ; media-flipz120-thumbnails                ; flipz120-medias
INTHEBOX_Flip_Z_140x200                                      ; media-flipz140-picture                ; media-flipz140-thumbnail                ; media-flipz140-detail                ; media-flipz140-other                ; media-flipz140-normal                ; media-flipz140-thumbnails                ; flipz140-medias
INTHEBOX_Flip_Z_160x200                                      ; media-flipz160-picture                ; media-flipz160-thumbnail                ; media-flipz160-detail                ; media-flipz160-other                ; media-flipz160-normal                ; media-flipz160-thumbnails                ; flipz160-medias
INTHEBOX_Flip_Z_180x200                                      ; media-flipz180-picture                ; media-flipz180-thumbnail                ; media-flipz180-detail                ; media-flipz180-other                ; media-flipz180-normal                ; media-flipz180-thumbnails                ; flipz180-medias
INTHEBOX_Flip_Z_200x200                                      ; media-flipz200-picture                ; media-flipz200-thumbnail                ; media-flipz200-detail                ; media-flipz200-other                ; media-flipz200-normal                ; media-flipz200-thumbnails                ; flipz200-medias
INTHEBOX_X_90x200                                            ; media-x90-picture                     ; media-x90-thumbnail                     ; media-x90-detail                     ; media-x90-other                     ; media-x90-normal                     ; media-x90-thumbnails                     ; x90-medias
INTHEBOX_X_100x200                                           ; media-x100-picture                    ; media-x100-thumbnail                    ; media-x100-detail                    ; media-x100-other                    ; media-x100-normal                    ; media-x100-thumbnails                    ; x100-medias
INTHEBOX_X_120x200                                           ; media-x120-picture                    ; media-x120-thumbnail                    ; media-x120-detail                    ; media-x120-other                    ; media-x120-normal                    ; media-x120-thumbnails                    ; x120-medias
INTHEBOX_X_140x200                                           ; media-x140-picture                    ; media-x140-thumbnail                    ; media-x140-detail                    ; media-x140-other                    ; media-x140-normal                    ; media-x140-thumbnails                    ; x140-medias
INTHEBOX_X_160x200                                           ; media-x160-picture                    ; media-x160-thumbnail                    ; media-x160-detail                    ; media-x160-other                    ; media-x160-normal                    ; media-x160-thumbnails                    ; x160-medias
INTHEBOX_X_180x200                                           ; media-x180-picture                    ; media-x180-thumbnail                    ; media-x180-detail                    ; media-x180-other                    ; media-x180-normal                    ; media-x180-thumbnails                    ; x180-medias
INTHEBOX_X_200x200                                           ; media-x200-picture                    ; media-x200-thumbnail                    ; media-x200-detail                    ; media-x200-other                    ; media-x200-normal                    ; media-x200-thumbnails                    ; x200-medias
INTHEBOX_Alpha_90x200                                        ; media-alpha90-picture                 ; media-alpha90-thumbnail                 ; media-alpha90-detail                 ; media-alpha90-other                 ; media-alpha90-normal                 ; media-alpha90-thumbnails                 ; alpha90-medias
INTHEBOX_Alpha_100x200                                       ; media-alpha100-picture                ; media-alpha100-thumbnail                ; media-alpha100-detail                ; media-alpha100-other                ; media-alpha100-normal                ; media-alpha100-thumbnails                ; alpha100-medias
INTHEBOX_Alpha_120x200                                       ; media-alpha120-picture                ; media-alpha120-thumbnail                ; media-alpha120-detail                ; media-alpha120-other                ; media-alpha120-normal                ; media-alpha120-thumbnails                ; alpha120-medias
INTHEBOX_Alpha_140x200                                       ; media-alpha140-picture                ; media-alpha140-thumbnail                ; media-alpha140-detail                ; media-alpha140-other                ; media-alpha140-normal                ; media-alpha140-thumbnails                ; alpha140-medias
INTHEBOX_Alpha_160x200                                       ; media-alpha160-picture                ; media-alpha160-thumbnail                ; media-alpha160-detail                ; media-alpha160-other                ; media-alpha160-normal                ; media-alpha160-thumbnails                ; alpha160-medias
INTHEBOX_Alpha_180x200                                       ; media-alpha180-picture                ; media-alpha180-thumbnail                ; media-alpha180-detail                ; media-alpha180-other                ; media-alpha180-normal                ; media-alpha180-thumbnails                ; alpha180-medias
INTHEBOX_Alpha_200x200                                       ; media-alpha200-picture                ; media-alpha200-thumbnail                ; media-alpha200-detail                ; media-alpha200-other                ; media-alpha200-normal                ; media-alpha200-thumbnails                ; alpha200-medias
INTHEBOX_Pro_90x200                                          ; media-pro90-picture                   ; media-pro90-thumbnail                   ; media-pro90-detail                   ; media-pro90-other                   ; media-pro90-normal                   ; media-pro90-thumbnails                   ; pro90-medias
INTHEBOX_Pro_100x200                                         ; media-pro100-picture                  ; media-pro100-thumbnail                  ; media-pro100-detail                  ; media-pro100-other                  ; media-pro100-normal                  ; media-pro100-thumbnails                  ; pro100-medias
INTHEBOX_Pro_120x200                                         ; media-pro120-picture                  ; media-pro120-thumbnail                  ; media-pro120-detail                  ; media-pro120-other                  ; media-pro120-normal                  ; media-pro120-thumbnails                  ; pro120-medias
INTHEBOX_Pro_140x200                                         ; media-pro140-picture                  ; media-pro140-thumbnail                  ; media-pro140-detail                  ; media-pro140-other                  ; media-pro140-normal                  ; media-pro140-thumbnails                  ; pro140-medias
INTHEBOX_Pro_160x200                                         ; media-pro160-picture                  ; media-pro160-thumbnail                  ; media-pro160-detail                  ; media-pro160-other                  ; media-pro160-normal                  ; media-pro160-thumbnails                  ; pro160-medias
INTHEBOX_Pro_180x200                                         ; media-pro180-picture                  ; media-pro180-thumbnail                  ; media-pro180-detail                  ; media-pro180-other                  ; media-pro180-normal                  ; media-pro180-thumbnails                  ; pro180-medias
INTHEBOX_Pro_200x200                                         ; media-pro200-picture                  ; media-pro200-thumbnail                  ; media-pro200-detail                  ; media-pro200-other                  ; media-pro200-normal                  ; media-pro200-thumbnails                  ; pro200-medias
INTHEBOX_Space_Jam_A_New_Legancy_Collection_90x200           ; media-legacyCollection90-picture      ; media-legacyCollection90-thumbnail      ; media-legacyCollection90-detail      ; media-legacyCollection90-other      ; media-legacyCollection90-normal      ; media-legacyCollection90-thumbnails      ; legacyCollection90-medias
INTHEBOX_Space_Jam_A_New_Legancy_Collection_100x200          ; media-legacyCollection100-picture     ; media-legacyCollection100-thumbnail     ; media-legacyCollection100-detail     ; media-legacyCollection100-other     ; media-legacyCollection100-normal     ; media-legacyCollection100-thumbnails     ; legacyCollection100-medias
INTHEBOX_Space_Jam_A_New_Legancy_Collection_120x200          ; media-legacyCollection120-picture     ; media-legacyCollection120-thumbnail     ; media-legacyCollection120-detail     ; media-legacyCollection120-other     ; media-legacyCollection120-normal     ; media-legacyCollection120-thumbnails     ; legacyCollection120-medias
INTHEBOX_Space_Jam_A_New_Legancy_Collection_140x200          ; media-legacyCollection140-picture     ; media-legacyCollection140-thumbnail     ; media-legacyCollection140-detail     ; media-legacyCollection140-other     ; media-legacyCollection140-normal     ; media-legacyCollection140-thumbnails     ; legacyCollection140-medias
INTHEBOX_Space_Jam_A_New_Legancy_Collection_160x200          ; media-legacyCollection160-picture     ; media-legacyCollection160-thumbnail     ; media-legacyCollection160-detail     ; media-legacyCollection160-other     ; media-legacyCollection160-normal     ; media-legacyCollection160-thumbnails     ; legacyCollection160-medias
INTHEBOX_Space_Jam_A_New_Legancy_Collection_180x200          ; media-legacyCollection180-picture     ; media-legacyCollection180-thumbnail     ; media-legacyCollection180-detail     ; media-legacyCollection180-other     ; media-legacyCollection180-normal     ; media-legacyCollection180-thumbnails     ; legacyCollection180-medias
INTHEBOX_Space_Jam_A_New_Legancy_Collection_200x200          ; media-legacyCollection200-picture     ; media-legacyCollection200-thumbnail     ; media-legacyCollection200-detail     ; media-legacyCollection200-other     ; media-legacyCollection200-normal     ; media-legacyCollection200-thumbnails     ; legacyCollection200-medias
INTHEBOX_Space_Jam_A_New_Legancy_Collection_Plush_Top_90x200 ; media-legacyCollectionPlush90-picture ; media-legacyCollectionPlush90-thumbnail ; media-legacyCollectionPlush90-detail ; media-legacyCollectionPlush90-other ; media-legacyCollectionPlush90-normal ; media-legacyCollectionPlush90-thumbnails ; legacyCollectionPlush90-medias
INTHEBOX_Space_Jam_A_New_Legancy_Collection_Plush_Top_100x200; media-legacyCollectionPlush100-picture; media-legacyCollectionPlush100-thumbnail; media-legacyCollectionPlush100-detail; media-legacyCollectionPlush100-other; media-legacyCollectionPlush100-normal; media-legacyCollectionPlush100-thumbnails; legacyCollectionPlush100-medias
INTHEBOX_Space_Jam_A_New_Legancy_Collection_Plush_Top_120x200; media-legacyCollectionPlush120-picture; media-legacyCollectionPlush120-thumbnail; media-legacyCollectionPlush120-detail; media-legacyCollectionPlush120-other; media-legacyCollectionPlush120-normal; media-legacyCollectionPlush120-thumbnails; legacyCollectionPlush120-medias
INTHEBOX_Space_Jam_A_New_Legancy_Collection_Plush_Top_140x200; media-legacyCollectionPlush140-picture; media-legacyCollectionPlush140-thumbnail; media-legacyCollectionPlush140-detail; media-legacyCollectionPlush140-other; media-legacyCollectionPlush140-normal; media-legacyCollectionPlush140-thumbnails; legacyCollectionPlush140-medias
INTHEBOX_Space_Jam_A_New_Legancy_Collection_Plush_Top_160x200; media-legacyCollectionPlush160-picture; media-legacyCollectionPlush160-thumbnail; media-legacyCollectionPlush160-detail; media-legacyCollectionPlush160-other; media-legacyCollectionPlush160-normal; media-legacyCollectionPlush160-thumbnails; legacyCollectionPlush160-medias
INTHEBOX_Space_Jam_A_New_Legancy_Collection_Plush_Top_180x200; media-legacyCollectionPlush180-picture; media-legacyCollectionPlush180-thumbnail; media-legacyCollectionPlush180-detail; media-legacyCollectionPlush180-other; media-legacyCollectionPlush180-normal; media-legacyCollectionPlush180-thumbnails; legacyCollectionPlush180-medias
INTHEBOX_Space_Jam_A_New_Legancy_Collection_Plush_Top_200x200; media-legacyCollectionPlush200-picture; media-legacyCollectionPlush200-thumbnail; media-legacyCollectionPlush200-detail; media-legacyCollectionPlush200-other; media-legacyCollectionPlush200-normal; media-legacyCollectionPlush200-thumbnails; legacyCollectionPlush200-medias
INTHEBOX_Dash_90x200                                         ; media-dash90-picture                  ; media-dash90-thumbnail                  ; media-dash90-detail                  ; media-dash90-other                  ; media-dash90-normal                  ; media-dash90-thumbnails                  ; dash90-medias
INTHEBOX_Dash_100x200                                        ; media-dash100-picture                 ; media-dash100-thumbnail                 ; media-dash100-detail                 ; media-dash100-other                 ; media-dash100-normal                 ; media-dash100-thumbnails                 ; dash100-medias
INTHEBOX_Dash_120x200                                        ; media-dash120-picture                 ; media-dash120-thumbnail                 ; media-dash120-detail                 ; media-dash120-other                 ; media-dash120-normal                 ; media-dash120-thumbnails                 ; dash120-medias
INTHEBOX_Dash_140x200                                        ; media-dash140-picture                 ; media-dash140-thumbnail                 ; media-dash140-detail                 ; media-dash140-other                 ; media-dash140-normal                 ; media-dash140-thumbnails                 ; dash140-medias
INTHEBOX_Dash_160x200                                        ; media-dash160-picture                 ; media-dash160-thumbnail                 ; media-dash160-detail                 ; media-dash160-other                 ; media-dash160-normal                 ; media-dash160-thumbnails                 ; dash160-medias
INTHEBOX_Dash_180x200                                        ; media-dash180-picture                 ; media-dash180-thumbnail                 ; media-dash180-detail                 ; media-dash180-other                 ; media-dash180-normal                 ; media-dash180-thumbnails                 ; dash180-medias
INTHEBOX_Dash_200x200                                        ; media-dash200-picture                 ; media-dash200-thumbnail                 ; media-dash200-detail                 ; media-dash200-other                 ; media-dash200-normal                 ; media-dash200-thumbnails                 ; dash200-medias
INTHEBOX_101_90x200                                          ; media-10190-picture                   ; media-10190-thumbnail                   ; media-10190-detail                   ; media-10190-other                   ; media-10190-normal                   ; media-10190-thumbnails                   ; 10190-medias
INTHEBOX_101_100x200                                         ; media-101100-picture                  ; media-101100-thumbnail                  ; media-101100-detail                  ; media-101100-other                  ; media-101100-normal                  ; media-101100-thumbnails                  ; 101100-medias
INTHEBOX_101_120x200                                         ; media-101120-picture                  ; media-101120-thumbnail                  ; media-101120-detail                  ; media-101120-other                  ; media-101120-normal                  ; media-101120-thumbnails                  ; 101120-medias
INTHEBOX_101_140x200                                         ; media-101140-picture                  ; media-101140-thumbnail                  ; media-101140-detail                  ; media-101140-other                  ; media-101140-normal                  ; media-101140-thumbnails                  ; 101140-medias
INTHEBOX_101_160x200                                         ; media-101160-picture                  ; media-101160-thumbnail                  ; media-101160-detail                  ; media-101160-other                  ; media-101160-normal                  ; media-101160-thumbnails                  ; 101160-medias
INTHEBOX_101_180x200                                         ; media-101180-picture                  ; media-101180-thumbnail                  ; media-101180-detail                  ; media-101180-other                  ; media-101180-normal                  ; media-101180-thumbnails                  ; 101180-medias
INTHEBOX_101_200x200                                         ; media-101200-picture                  ; media-101200-thumbnail                  ; media-101200-detail                  ; media-101200-other                  ; media-101200-normal                  ; media-101200-thumbnails                  ; 101200-medias
INTHEBOX_Hybrid_90x200                                       ; media-hybrid90-picture                ; media-hybrid90-thumbnail                ; media-hybrid90-detail                ; media-hybrid90-other                ; media-hybrid90-normal                ; media-hybrid90-thumbnails                ; hybrid90-medias
INTHEBOX_Hybrid_100x200                                      ; media-hybrid100-picture               ; media-hybrid100-thumbnail               ; media-hybrid100-detail               ; media-hybrid100-other               ; media-hybrid100-normal               ; media-hybrid100-thumbnails               ; hybrid100-medias
INTHEBOX_Hybrid_120x200                                      ; media-hybrid120-picture               ; media-hybrid120-thumbnail               ; media-hybrid120-detail               ; media-hybrid120-other               ; media-hybrid120-normal               ; media-hybrid120-thumbnails               ; hybrid120-medias
INTHEBOX_Hybrid_140x200                                      ; media-hybrid140-picture               ; media-hybrid140-thumbnail               ; media-hybrid140-detail               ; media-hybrid140-other               ; media-hybrid140-normal               ; media-hybrid140-thumbnails               ; hybrid140-medias
INTHEBOX_Hybrid_160x200                                      ; media-hybrid160-picture               ; media-hybrid160-thumbnail               ; media-hybrid160-detail               ; media-hybrid160-other               ; media-hybrid160-normal               ; media-hybrid160-thumbnails               ; hybrid160-medias
INTHEBOX_Hybrid_180x200                                      ; media-hybrid180-picture               ; media-hybrid180-thumbnail               ; media-hybrid180-detail               ; media-hybrid180-other               ; media-hybrid180-normal               ; media-hybrid180-thumbnails               ; hybrid180-medias
INTHEBOX_Hybrid_200x200                                      ; media-hybrid200-picture               ; media-hybrid200-thumbnail               ; media-hybrid200-detail               ; media-hybrid200-other               ; media-hybrid200-normal               ; media-hybrid200-thumbnails               ; hybrid200-medias
INTHEBOX_Hybrid_15_90x200                                    ; media-hybrid1590-picture              ; media-hybrid1590-thumbnail              ; media-hybrid1590-detail              ; media-hybrid1590-other              ; media-hybrid1590-normal              ; media-hybrid1590-thumbnails              ; hybrid1590-medias
INTHEBOX_Hybrid_15_100x200                                   ; media-hybrid15100-picture             ; media-hybrid15100-thumbnail             ; media-hybrid15100-detail             ; media-hybrid15100-other             ; media-hybrid15100-normal             ; media-hybrid15100-thumbnails             ; hybrid15100-medias
INTHEBOX_Hybrid_15_120x200                                   ; media-hybrid15120-picture             ; media-hybrid15120-thumbnail             ; media-hybrid15120-detail             ; media-hybrid15120-other             ; media-hybrid15120-normal             ; media-hybrid15120-thumbnails             ; hybrid15120-medias
INTHEBOX_Hybrid_15_140x200                                   ; media-hybrid15140-picture             ; media-hybrid15140-thumbnail             ; media-hybrid15140-detail             ; media-hybrid15140-other             ; media-hybrid15140-normal             ; media-hybrid15140-thumbnails             ; hybrid15140-medias
INTHEBOX_Hybrid_15_160x200                                   ; media-hybrid15160-picture             ; media-hybrid15160-thumbnail             ; media-hybrid15160-detail             ; media-hybrid15160-other             ; media-hybrid15160-normal             ; media-hybrid15160-thumbnails             ; hybrid15160-medias
INTHEBOX_Hybrid_15_180x200                                   ; media-hybrid15180-picture             ; media-hybrid15180-thumbnail             ; media-hybrid15180-detail             ; media-hybrid15180-other             ; media-hybrid15180-normal             ; media-hybrid15180-thumbnails             ; hybrid15180-medias
INTHEBOX_Hybrid_15_200x200                                   ; media-hybrid15200-picture             ; media-hybrid15200-thumbnail             ; media-hybrid15200-detail             ; media-hybrid15200-other             ; media-hybrid15200-normal             ; media-hybrid15200-thumbnails             ; hybrid15200-medias
Kasur_INTHEBOX_90x200                                        ; media-kasur90-picture                 ; media-kasur90-thumbnail                 ; media-kasur90-detail                 ; media-kasur90-other                 ; media-kasur90-normal                 ; media-kasur90-thumbnails                 ; kasur90-medias
Kasur_INTHEBOX_100x200                                       ; media-kasur100-picture                ; media-kasur100-thumbnail                ; media-kasur100-detail                ; media-kasur100-other                ; media-kasur100-normal                ; media-kasur100-thumbnails                ; kasur100-medias
Kasur_INTHEBOX_120x200                                       ; media-kasur120-picture                ; media-kasur120-thumbnail                ; media-kasur120-detail                ; media-kasur120-other                ; media-kasur120-normal                ; media-kasur120-thumbnails                ; kasur120-medias
Kasur_INTHEBOX_140x200                                       ; media-kasur140-picture                ; media-kasur140-thumbnail                ; media-kasur140-detail                ; media-kasur140-other                ; media-kasur140-normal                ; media-kasur140-thumbnails                ; kasur140-medias
Kasur_INTHEBOX_160x200                                       ; media-kasur160-picture                ; media-kasur160-thumbnail                ; media-kasur160-detail                ; media-kasur160-other                ; media-kasur160-normal                ; media-kasur160-thumbnails                ; kasur160-medias
Kasur_INTHEBOX_180x200                                       ; media-kasur180-picture                ; media-kasur180-thumbnail                ; media-kasur180-detail                ; media-kasur180-other                ; media-kasur180-normal                ; media-kasur180-thumbnails                ; kasur180-medias
Kasur_INTHEBOX_200x200                                       ; media-kasur200-picture                ; media-kasur200-thumbnail                ; media-kasur200-detail                ; media-kasur200-other                ; media-kasur200-normal                ; media-kasur200-thumbnails                ; kasur200-medias
INTHEBOX_Plus_90x200                                         ; media-plush90-picture                 ; media-plush90-thumbnail                 ; media-plush90-detail                 ; media-plush90-other                 ; media-plush90-normal                 ; media-plush90-thumbnails                 ; plush90-medias
INTHEBOX_Plus_100x200                                        ; media-plush100-picture                ; media-plush100-thumbnail                ; media-plush100-detail                ; media-plush100-other                ; media-plush100-normal                ; media-plush100-thumbnails                ; plush100-medias
INTHEBOX_Plus_120x200                                        ; media-plush120-picture                ; media-plush120-thumbnail                ; media-plush120-detail                ; media-plush120-other                ; media-plush120-normal                ; media-plush120-thumbnails                ; plush120-medias
INTHEBOX_Plus_140x200                                        ; media-plush140-picture                ; media-plush140-thumbnail                ; media-plush140-detail                ; media-plush140-other                ; media-plush140-normal                ; media-plush140-thumbnails                ; plush140-medias
INTHEBOX_Plus_160x200                                        ; media-plush160-picture                ; media-plush160-thumbnail                ; media-plush160-detail                ; media-plush160-other                ; media-plush160-normal                ; media-plush160-thumbnails                ; plush160-medias
INTHEBOX_Plus_180x200                                        ; media-plush180-picture                ; media-plush180-thumbnail                ; media-plush180-detail                ; media-plush180-other                ; media-plush180-normal                ; media-plush180-thumbnails                ; plush180-medias
INTHEBOX_Plus_200x200                                        ; media-plush200-picture                ; media-plush200-thumbnail                ; media-plush200-detail                ; media-plush200-other                ; media-plush200-normal                ; media-plush200-thumbnails                ; plush200-medias
INTHEBOX_Organix_Hybrid_90x200                               ; media-organixHybrid90-picture         ; media-organixHybrid90-thumbnail         ; media-organixHybrid90-detail         ; media-organixHybrid90-other         ; media-organixHybrid90-normal         ; media-organixHybrid90-thumbnails         ; organixHybrid90-medias
INTHEBOX_Organix_Hybrid_100x200                              ; media-organixHybrid100-picture        ; media-organixHybrid100-thumbnail        ; media-organixHybrid100-detail        ; media-organixHybrid100-other        ; media-organixHybrid100-normal        ; media-organixHybrid100-thumbnails        ; organixHybrid100-medias
INTHEBOX_Organix_Hybrid_120x200                              ; media-organixHybrid120-picture        ; media-organixHybrid120-thumbnail        ; media-organixHybrid120-detail        ; media-organixHybrid120-other        ; media-organixHybrid120-normal        ; media-organixHybrid120-thumbnails        ; organixHybrid120-medias
INTHEBOX_Organix_Hybrid_140x200                              ; media-organixHybrid140-picture        ; media-organixHybrid140-thumbnail        ; media-organixHybrid140-detail        ; media-organixHybrid140-other        ; media-organixHybrid140-normal        ; media-organixHybrid140-thumbnails        ; organixHybrid140-medias
INTHEBOX_Organix_Hybrid_160x200                              ; media-organixHybrid160-picture        ; media-organixHybrid160-thumbnail        ; media-organixHybrid160-detail        ; media-organixHybrid160-other        ; media-organixHybrid160-normal        ; media-organixHybrid160-thumbnails        ; organixHybrid160-medias
INTHEBOX_Organix_Hybrid_180x200                              ; media-organixHybrid180-picture        ; media-organixHybrid180-thumbnail        ; media-organixHybrid180-detail        ; media-organixHybrid180-other        ; media-organixHybrid180-normal        ; media-organixHybrid180-thumbnails        ; organixHybrid180-medias
INTHEBOX_Organix_Hybrid_200x200                              ; media-organixHybrid200-picture        ; media-organixHybrid200-thumbnail        ; media-organixHybrid200-detail        ; media-organixHybrid200-other        ; media-organixHybrid200-normal        ; media-organixHybrid200-thumbnails        ; organixHybrid200-medias
INTHEBOX_Organix_Lite_90x200                                 ; media-organixLite90-picture           ; media-organixLite90-thumbnail           ; media-organixLite90-detail           ; media-organixLite90-other           ; media-organixLite90-normal           ; media-organixLite90-thumbnails           ; organixLite90-medias
INTHEBOX_Organix_Lite_100x200                                ; media-organixLite100-picture          ; media-organixLite100-thumbnail          ; media-organixLite100-detail          ; media-organixLite100-other          ; media-organixLite100-normal          ; media-organixLite100-thumbnails          ; organixLite100-medias
INTHEBOX_Organix_Lite_120x200                                ; media-organixLite120-picture          ; media-organixLite120-thumbnail          ; media-organixLite120-detail          ; media-organixLite120-other          ; media-organixLite120-normal          ; media-organixLite120-thumbnails          ; organixLite120-medias
INTHEBOX_Organix_Lite_140x200                                ; media-organixLite140-picture          ; media-organixLite140-thumbnail          ; media-organixLite140-detail          ; media-organixLite140-other          ; media-organixLite140-normal          ; media-organixLite140-thumbnails          ; organixLite140-medias
INTHEBOX_Organix_Lite_160x200                                ; media-organixLite160-picture          ; media-organixLite160-thumbnail          ; media-organixLite160-detail          ; media-organixLite160-other          ; media-organixLite160-normal          ; media-organixLite160-thumbnails          ; organixLite160-medias
INTHEBOX_Organix_Lite_180x200                                ; media-organixLite180-picture          ; media-organixLite180-thumbnail          ; media-organixLite180-detail          ; media-organixLite180-other          ; media-organixLite180-normal          ; media-organixLite180-thumbnails          ; organixLite180-medias
INTHEBOX_Organix_Lite_200x200                                ; media-organixLite200-picture          ; media-organixLite200-thumbnail          ; media-organixLite200-detail          ; media-organixLite200-other          ; media-organixLite200-normal          ; media-organixLite200-thumbnails          ; organixLite200-medias
INTHEBOX_Organix_Plush_90x200                                ; media-organixPlush-picture            ; media-organixPlush-thumbnail            ; media-organixPlush90-detail          ; media-organixPlush90-other          ; media-organixPlush90-normal          ; media-organixPlush90-thumbnails          ; organixPlush90-medias
INTHEBOX_Organix_Plush_100x200                               ; media-organixPlush100-picture         ; media-organixPlush100-thumbnail         ; media-organixPlush100-detail         ; media-organixPlush100-other         ; media-organixPlush100-normal         ; media-organixPlush100-thumbnails         ; organixPlush100-medias
INTHEBOX_Organix_Plush_120x200                               ; media-organixPlush120-picture         ; media-organixPlush120-thumbnail         ; media-organixPlush120-detail         ; media-organixPlush120-other         ; media-organixPlush120-normal         ; media-organixPlush120-thumbnails         ; organixPlush120-medias
INTHEBOX_Organix_Plush_140x200                               ; media-organixPlush140-picture         ; media-organixPlush140-thumbnail         ; media-organixPlush140-detail         ; media-organixPlush140-other         ; media-organixPlush140-normal         ; media-organixPlush140-thumbnails         ; organixPlush140-medias
INTHEBOX_Organix_Plush_160x200                               ; media-organixPlush160-picture         ; media-organixPlush160-thumbnail         ; media-organixPlush160-detail         ; media-organixPlush160-other         ; media-organixPlush160-normal         ; media-organixPlush160-thumbnails         ; organixPlush160-medias
INTHEBOX_Organix_Plush_180x200                               ; media-organixPlush180-picture         ; media-organixPlush180-thumbnail         ; media-organixPlush180-detail         ; media-organixPlush180-other         ; media-organixPlush180-normal         ; media-organixPlush180-thumbnails         ; organixPlush180-medias
INTHEBOX_Organix_Plush_200x200                               ; media-organixPlush200-picture         ; media-organixPlush200-thumbnail         ; media-organixPlush200-detail         ; media-organixPlush200-other         ; media-organixPlush200-normal         ; media-organixPlush200-thumbnails         ; organixPlush200-medias